 [{
   "isRunning": false,
   "text": "learn angular 1", 
   "done": false,
   "project": "name 1",
   "lastStarted": null,
   "timess": 0,
   "createData": 1,
   "archive": false
  },
  {
   "isRunning": false,
   "text": "learn angular 2", 
   "done": false,
   "project": "name 1",
   "lastStarted": null,
   "timess": 0,
   "createData": 2,
   "archive": true
  },
  {
   "isRunning": false,
   "text": "learn angular 3", 
   "done": false,
   "project": "name 1",
   "lastStarted": null,
   "timess": 0,
   "createData": 3,
   "archive": false
  },
  {
   "isRunning": false,
   "text": "learn angular 4", 
   "done": false,
   "project": "name 1",
   "lastStarted": null,
   "timess": 0,
   "createData": 4,
   "archive": false
  }]